<?xml version="1.0"?><fonts><font displayName="Neue Frutiger® W01 Black" psName="FrutigerNeueW01-Blk" FamilyName="Neue Frutiger®" FontWeight="400" FontStyle="normal" FontStretch="normal" CssFamilyName="Frutiger Neue W01 Blk" woff="30ecb82c-3596-4c99-a397-c7cab98b5359.woff" eot="1d6e4042-aad3-4fa6-af81-27ae0c861c76.eot" ttf="b1062a8f-11aa-4489-85ec-60f8a3762a52.ttf" woff2="a38b0166-6bfa-4a24-8520-74ffc03655c9.woff2"/><font displayName="Neue Frutiger® W01 Bold" psName="FrutigerNeueW01-Bd" FamilyName="Neue Frutiger®" FontWeight="400" FontStyle="normal" FontStretch="normal" CssFamilyName="Frutiger Neue W01 Bd" woff="7875f3d5-b62b-445c-8c9e-d65da1514e9d.woff" eot="62057895-1f9e-4d70-bd1a-65751a20a878.eot" ttf="1c242f4e-0c64-47cc-8cbc-e53d949280ba.ttf" woff2="26f1236c-a914-477f-9d0f-10d758702626.woff2"/><font displayName="Neue Frutiger® W01 Ultra Light Italic" psName="FrutigerNeueW01-UltLtIt" FamilyName="Neue Frutiger®" FontWeight="400" FontStyle="italic" FontStretch="normal" CssFamilyName="FrutigerNeueW01-UltLtIt" woff="9f5ecba6-9bb2-4d57-a34e-d9afe2f8ee79.woff" eot="b7974d73-d7c0-4b2f-a37d-1d043dd92dd8.eot" ttf="b4ceef0f-aa17-4158-be75-bca8ab8c6dc1.ttf" woff2="3453fe0e-28b2-48db-a913-256c2c5abaeb.woff2"/><font displayName="Neue Frutiger® W01 Black Italic" psName="FrutigerNeueW01-BlkIt" FamilyName="Neue Frutiger®" FontWeight="400" FontStyle="italic" FontStretch="normal" CssFamilyName="FrutigerNeueW01-BlkIt" woff="3c25551c-6739-4dc0-92dc-7203f49f374d.woff" eot="abc4c5be-de86-4209-8270-5f1574313394.eot" ttf="26134834-0b2c-47be-b282-74457643ceb8.ttf" woff2="63d4a5d5-d5cf-405d-9033-d3b73700aed5.woff2"/><font displayName="Neue Frutiger® W01 Bold Italic" psName="FrutigerNeueW01-BdIt" FamilyName="Neue Frutiger®" FontWeight="400" FontStyle="italic" FontStretch="normal" CssFamilyName="Frutiger Neue W01 Bd It" woff="98a7ec92-51b0-444c-91ac-8702b3d7a29b.woff" eot="45f1e5f6-f69d-4e88-bf17-183db0f9c6b6.eot" ttf="7c492427-6dd9-4cc0-ae4b-8e26ba4b9e16.ttf" woff2="2c94541b-311c-4a3b-8fa1-991a75cd925d.woff2"/><font displayName="Neue Frutiger® W01 Light" psName="FrutigerNeueW01-Light" FamilyName="Neue Frutiger®" FontWeight="400" FontStyle="normal" FontStretch="normal" CssFamilyName="Frutiger Neue W01 Light" woff="a2afa464-03b1-4a6c-b5cb-3521a1cf94ba.woff" eot="12d6929b-8b96-4898-b413-6bd6d0e2d0fb.eot" ttf="9aa255d9-7d3d-420a-bb79-2f91c4aed10f.ttf" woff2="5ff45fd8-b17d-4b99-a293-7969c71b8e1c.woff2"/><font displayName="Neue Frutiger® W01 Medium" psName="FrutigerNeueW01-Md" FamilyName="Neue Frutiger®" FontWeight="400" FontStyle="normal" FontStretch="normal" CssFamilyName="Frutiger Neue W01 Md" woff="4748e3d8-1b23-420a-a419-d7a367ea1076.woff" eot="979450a2-8d59-4cc2-9937-94255a4f3923.eot" ttf="11f76f62-1d4f-4327-bce7-1eee2aba08bf.ttf" woff2="1f198a6d-f4fe-44f1-b78c-1b6a1cf66d00.woff2"/><font displayName="Neue Frutiger® W01 Heavy" psName="FrutigerNeueW01-Heavy" FamilyName="Neue Frutiger®" FontWeight="400" FontStyle="normal" FontStretch="normal" CssFamilyName="Frutiger Neue W01 Heavy" woff="1f2fda6d-66b0-4618-a5ab-758dcaa1156f.woff" eot="9fcb3c51-f805-418d-8e69-c617f69ab200.eot" ttf="92c1c904-a439-4831-b855-ed7009f72f72.ttf" woff2="75c3c034-7ae8-42e9-aa63-21dfcab0b649.woff2"/><font displayName="Neue Frutiger® W01 Light Italic" psName="FrutigerNeueW01-LightIt" FamilyName="Neue Frutiger®" FontWeight="400" FontStyle="italic" FontStretch="normal" CssFamilyName="FrutigerNeueW01-LightIt" woff="3b7f781f-47f2-4bcb-94c9-533ac0836f29.woff" eot="507d7247-8f57-40e8-8730-d4dba3b5ec5a.eot" ttf="e2f8b5b1-f656-4f83-bc3b-357054ecfa2d.ttf" woff2="ab9d27d1-cac1-4cc1-addb-f3278591c070.woff2"/><font displayName="Neue Frutiger® W01 Italic" psName="FrutigerNeueW01-It" FamilyName="Neue Frutiger®" FontWeight="400" FontStyle="italic" FontStretch="normal" CssFamilyName="Frutiger Neue W01 It" woff="4f61e1e8-2cd9-4081-9569-4033e064c9ca.woff" eot="6e3f9960-fdda-4ea8-bd81-1054f9be8633.eot" ttf="de6f85d2-e3bd-4432-ac0d-5bfbd1b754d6.ttf" woff2="640ec4c5-4340-47f1-9a09-78a589aad968.woff2"/><font displayName="Neue Frutiger® W01 Heavy Italic" psName="FrutigerNeueW01-HeavyIt" FamilyName="Neue Frutiger®" FontWeight="400" FontStyle="italic" FontStretch="normal" CssFamilyName="FrutigerNeueW01-HeavyIt" woff="5fc2b3ff-c28e-476a-9cfa-3ad7a9226046.woff" eot="5d4d4e95-f958-4e8a-9b7e-c3cd5b57e27a.eot" ttf="df70d9c4-aa62-412c-9b08-81ae09073ec4.ttf" woff2="35ec0821-c6df-4f12-9f4f-d5add4e2365a.woff2"/><font displayName="Bodoni LT W01 Poster" psName="BodoniW01-Poster" FamilyName="Bodoni Poster" FontWeight="400" FontStyle="normal" FontStretch="normal" CssFamilyName="Bodoni W01 Poster691960" woff="4d1b9848-7ebd-472c-9d31-4af0aa7faaea.woff" eot="ab0e3d15-2f64-49c1-8898-817a2235e719.eot" ttf="197b5ef7-65e6-4af6-9fd9-bc9fc63038c7.ttf" woff2="3b70fee6-3ed6-4f8b-b59c-bf7274c4ff8c.woff2"/><font displayName="Bodoni LT W01 Poster Italic" psName="BodoniW01-PosterItalic" FamilyName="Bodoni Poster" FontWeight="400" FontStyle="italic" FontStretch="normal" CssFamilyName="BodoniW01-PosterItalic" woff="1e995368-0c2a-45e4-94b8-8a6d1f598b50.woff" eot="f0ec202e-8d16-4377-a4e8-c2b72025496f.eot" ttf="fb9baf1f-32c3-4440-b27b-01f073790f70.ttf" woff2="43c42a45-93b7-442a-9060-f52b085e6018.woff2"/><font displayName="Neue Frutiger® W01 Thin Italic" psName="FrutigerNeueW01-ThinIt" FamilyName="Neue Frutiger®" FontWeight="400" FontStyle="italic" FontStretch="normal" CssFamilyName="FrutigerNeueW01-ThinIt" woff="10368ad7-6302-4e83-a193-4bbd6ff4ca46.woff" eot="c376d03a-6e5a-4e67-9991-1b10981a31ab.eot" ttf="9a12e2b8-f310-489d-af6d-0f996f898e2a.ttf" woff2="4071ea5b-bf2c-4fdc-ab5b-8d7c15c72ab9.woff2"/><font displayName="Neue Frutiger® W01 Regular" psName="FrutigerNeueW01-Regular" FamilyName="Neue Frutiger®" FontWeight="400" FontStyle="normal" FontStretch="normal" CssFamilyName="FrutigerNeueW01-Regular" woff="aa94077e-cdcd-4e33-abe0-ddcfe27e3485.woff" eot="e2e74e1c-9e18-4127-adfd-feb8f6a9ceaf.eot" ttf="22dfb43f-26df-46f9-aa0f-30038f8da834.ttf" woff2="9edf3443-80c6-4de6-b582-122401f63ad4.woff2"/><font displayName="Neue Frutiger® W01 Medium Italic" psName="FrutigerNeueW01-MdIt" FamilyName="Neue Frutiger®" FontWeight="400" FontStyle="italic" FontStretch="normal" CssFamilyName="Frutiger Neue W01 Md It" woff="5941207d-b0bc-4028-b64c-f52e60c6ced7.woff" eot="6d418ec7-87cb-49b9-a2f1-763c31aafa5b.eot" ttf="5eac4866-dcb9-4ddc-b6ab-c178aea30bae.ttf" woff2="7baec8c0-6e2f-4a6a-ab9d-979e024cd548.woff2"/><font displayName="Bodoni LT W01 Poster Compressed" psName="BodoniW01-PosterCompressed" FamilyName="Bodoni Poster" FontWeight="400" FontStyle="normal" FontStretch="extra-condensed" CssFamilyName="BodoniW01-PosterCompres" woff="f943d6a6-849b-4f56-bd5a-a0fa3fa68efb.woff" eot="46cd5c2a-1a53-4b57-a4f5-da4089b47469.eot" ttf="742d01b3-50fd-455a-bd10-cc96d83033f7.ttf" woff2="3d3ccb5d-6937-4133-ab99-91ef1aeabf98.woff2"/><font displayName="Neue Frutiger® W01 Thin" psName="FrutigerNeueW01-Thin" FamilyName="Neue Frutiger®" FontWeight="400" FontStyle="normal" FontStretch="normal" CssFamilyName="Frutiger Neue W01 Thin" woff="a1195dfc-f0a3-4c60-9515-d3808dc66b4c.woff" eot="56a45cb7-f23d-49a0-bfc2-c8697c283d7f.eot" ttf="fb62cba5-0fb8-498f-8359-eaaff75c288c.ttf" woff2="3707b616-fa68-46f1-b366-6203b775dfba.woff2"/><font displayName="Neue Frutiger® W01 Ultra Light" psName="FrutigerNeueW01-UltLt" FamilyName="Neue Frutiger®" FontWeight="400" FontStyle="normal" FontStretch="normal" CssFamilyName="Frutiger Neue W01 UltLt" woff="0642b943-95ae-45d7-88b6-f872b3c23789.woff" eot="91fc6d4e-cf1b-4402-8204-6583863aa538.eot" ttf="2e31d03e-1e21-4f13-8912-f00a90362205.ttf" woff2="e1441166-710a-42d0-a01d-519e6602eacb.woff2"/></fonts>